{
  "technical": {
    "course": "technical",
    "buckets": {
      "leg0_residual": {
        "dur": 1.9600000000000013,
        "loss": 0.9038923985673724,
        "n": 98,
        "cmd_sum": 509.39900000000006,
        "ach_sum": 316.17100000000005
      },
      "leg1_residual": {
        "dur": 1.2800000000000007,
        "loss": 0.4201948978444897,
        "n": 64,
        "cmd_sum": 725.2410000000001,
        "ach_sum": 485.3949999999999
      },
      "SUSTAIN_gap": {
        "dur": 6.239999999999955,
        "loss": 1.5498605217314894,
        "n": 312,
        "cmd_sum": 3560.397000000002,
        "ach_sum": 2671.822
      },
      "TURN_gap": {
        "dur": 1.680000000000001,
        "loss": 0.2568378387227143,
        "n": 84,
        "cmd_sum": 900.0999999999999,
        "ach_sum": 759.9189999999995
      },
      "SHORT_gap": {
        "dur": 0.48000000000000015,
        "loss": 0.10483916355476557,
        "n": 24,
        "cmd_sum": 276.788,
        "ach_sum": 215.90700000000004
      },
      "exit_rebuild": {
        "dur": 0.7400000000000003,
        "loss": 0.15555369738011568,
        "n": 37,
        "cmd_sum": 412.9250000000001,
        "ach_sum": 325.9750000000001
      }
    },
    "per_leg": {
      "0": {
        "n": 98,
        "cmd": 509.39900000000006,
        "ach": 316.17100000000005,
        "loss": 0.9038923985673724,
        "t0": 0.0,
        "t1": 2.1251,
        "ta": 1.1119
      },
      "1": {
        "n": 64,
        "cmd": 725.2410000000001,
        "ach": 485.3949999999999,
        "loss": 0.4201948978444897,
        "t0": 2.1463,
        "t1": 3.5311,
        "ta": 1.4307
      },
      "2": {
        "n": 53,
        "cmd": 603.9540000000004,
        "ach": 437.2900000000001,
        "loss": 0.29140048663618356,
        "t0": 3.5537,
        "t1": 4.6979,
        "ta": 1.0771
      },
      "3": {
        "n": 52,
        "cmd": 589.1790000000002,
        "ach": 468.863,
        "loss": 0.21060964066025706,
        "t0": 4.7203,
        "t1": 5.8355,
        "ta": 1.0755
      },
      "4": {
        "n": 42,
        "cmd": 474.45300000000015,
        "ach": 390.61499999999995,
        "loss": 0.1466772184115514,
        "t0": 5.8561,
        "t1": 6.7483,
        "ta": 1.345
      },
      "5": {
        "n": 53,
        "cmd": 602.1469999999998,
        "ach": 447.33999999999986,
        "loss": 0.27143138218657226,
        "t0": 6.7689,
        "t1": 7.9102,
        "ta": 0.6102
      },
      "6": {
        "n": 41,
        "cmd": 465.094,
        "ach": 380.3429999999999,
        "loss": 0.1484252716527438,
        "t0": 7.9319,
        "t1": 8.8043,
        "ta": 0.4983
      },
      "7": {
        "n": 47,
        "cmd": 530.7190000000003,
        "ach": 450.49000000000007,
        "loss": 0.14053148456872103,
        "t0": 8.8267,
        "t1": 9.8271,
        "ta": 0.8921
      },
      "8": {
        "n": 32,
        "cmd": 343.20099999999996,
        "ach": 300.63699999999994,
        "loss": 0.07775743668945265,
        "t0": 9.8495,
        "t1": 10.525,
        "ta": 1.7402
      },
      "9": {
        "n": 59,
        "cmd": 666.0519999999997,
        "ach": 426.9980000000001,
        "loss": 0.41861872341318035,
        "t0": 10.5516,
        "t1": 11.8092,
        "ta": 1.1378
      },
      "10": {
        "n": 41,
        "cmd": 462.48599999999993,
        "ach": 345.072,
        "loss": 0.2060858797903078,
        "t0": 11.8308,
        "t1": 12.7066,
        "ta": 0.7476
      },
      "11": {
        "n": 37,
        "cmd": 412.9250000000001,
        "ach": 325.9750000000001,
        "loss": 0.15555369738011568,
        "t0": 12.7286,
        "t1": 13.5126,
        "ta": 0
      }
    },
    "total_loss": 3.391178517800947
  },
  "mixed": {
    "course": "mixed",
    "buckets": {
      "leg0_residual": {
        "dur": 3.680000000000003,
        "loss": 1.2347648906615243,
        "n": 184,
        "cmd_sum": 1327.9939999999997,
        "ach_sum": 955.6580000000001
      },
      "leg1_residual": {
        "dur": 2.0400000000000014,
        "loss": 0.2902348302350487,
        "n": 102,
        "cmd_sum": 1166.6110000000003,
        "ach_sum": 999.6500000000002
      },
      "SUSTAIN_gap": {
        "dur": 12.039999999999832,
        "loss": 2.3324720958655822,
        "n": 602,
        "cmd_sum": 6894.984999999972,
        "ach_sum": 5554.005
      },
      "SHORT_gap": {
        "dur": 0.5200000000000001,
        "loss": 0.0845292927538351,
        "n": 26,
        "cmd_sum": 301.96000000000004,
        "ach_sum": 252.966
      },
      "TURN_gap": {
        "dur": 2.1200000000000014,
        "loss": 0.13450651789219215,
        "n": 106,
        "cmd_sum": 1113.5639999999996,
        "ach_sum": 1053.1179999999997
      },
      "PRE_TURN_gap": {
        "dur": 0.04,
        "loss": 0.0064575365600190344,
        "n": 2,
        "cmd_sum": 22.596,
        "ach_sum": 18.946
      },
      "exit_rebuild": {
        "dur": 2.740000000000002,
        "loss": 0.9867516679336884,
        "n": 137,
        "cmd_sum": 1555.549000000002,
        "ach_sum": 990.9219999999997
      }
    },
    "per_leg": {
      "0": {
        "n": 184,
        "cmd": 1327.9939999999997,
        "ach": 955.6580000000001,
        "loss": 1.2347648906615243,
        "t0": 0.0,
        "t1": 4.0089,
        "ta": 0.62
      },
      "1": {
        "n": 102,
        "cmd": 1166.6110000000003,
        "ach": 999.6500000000002,
        "loss": 0.2902348302350487,
        "t0": 4.0297,
        "t1": 6.2715,
        "ta": 0.624
      },
      "2": {
        "n": 86,
        "cmd": 974.5079999999998,
        "ach": 852.9770000000001,
        "loss": 0.21659739884526882,
        "t0": 6.2921,
        "t1": 8.173,
        "ta": 1.2297
      },
      "3": {
        "n": 74,
        "cmd": 827.4819999999995,
        "ach": 642.5020000000001,
        "loss": 0.32477527898074726,
        "t0": 8.1954,
        "t1": 9.7989,
        "ta": 1.7179
      },
      "4": {
        "n": 114,
        "cmd": 1295.6300000000006,
        "ach": 965.5189999999998,
        "loss": 0.574975036735724,
        "t0": 9.8214,
        "t1": 12.3165,
        "ta": 0.6171
      },
      "5": {
        "n": 116,
        "cmd": 1327.2580000000003,
        "ach": 1108.54,
        "loss": 0.3808024694370541,
        "t0": 12.3382,
        "t1": 14.8622,
        "ta": 0.6093
      },
      "6": {
        "n": 85,
        "cmd": 969.5240000000007,
        "ach": 837.3620000000003,
        "loss": 0.2305474999507689,
        "t0": 14.8834,
        "t1": 16.7294,
        "ta": 1.0456
      },
      "7": {
        "n": 65,
        "cmd": 736.069,
        "ach": 592.1270000000001,
        "loss": 0.2507909749231969,
        "t0": 16.7519,
        "t1": 18.1513,
        "ta": 0.8808
      },
      "8": {
        "n": 65,
        "cmd": 739.2139999999999,
        "ach": 615.7780000000002,
        "loss": 0.2151473921150633,
        "t0": 18.1737,
        "t1": 19.5708,
        "ta": 0.5744
      },
      "9": {
        "n": 66,
        "cmd": 749.9289999999995,
        "ach": 649.4600000000002,
        "loss": 0.1759631759568576,
        "t0": 19.5923,
        "t1": 21.0087,
        "ta": 0.8496
      },
      "10": {
        "n": 65,
        "cmd": 713.4909999999998,
        "ach": 614.7699999999996,
        "loss": 0.18836621612694818,
        "t0": 21.0294,
        "t1": 22.4375,
        "ta": 2.6901
      },
      "11": {
        "n": 137,
        "cmd": 1555.549000000002,
        "ach": 990.9219999999997,
        "loss": 0.9867516679336884,
        "t0": 22.4581,
        "t1": 25.4379,
        "ta": 0
      }
    },
    "total_loss": 5.06971683190189
  }
}