{
  "results": [
    {
      "label": "OLD",
      "course": "technical",
      "pair": 0,
      "order": 0,
      "completed": true,
      "gates_passed": 12,
      "lap": 16.274,
      "t_offboard_wait": 4.0,
      "alt_at_offboard": 0.187,
      "vz_at_offboard": -0.248,
      "t_gate0": 3.038,
      "leg0_dur": 3.038,
      "leg1_dur": -1.5869999999999997,
      "max_spd": 8.01,
      "avg_ach": 6.24,
      "avg_err": 3.62,
      "util": 0.633,
      "splits": [
        3.038,
        1.451,
        1.37,
        1.32,
        1.197,
        1.397,
        1.001,
        1.227,
        1.017,
        1.444,
        0.949,
        0.862
      ]
    },
    {
      "label": "NEW",
      "course": "technical",
      "pair": 0,
      "order": 1,
      "completed": true,
      "gates_passed": 12,
      "lap": 16.257,
      "t_offboard_wait": 9.548,
      "alt_at_offboard": 2.376,
      "vz_at_offboard": -0.143,
      "t_gate0": 2.648,
      "leg0_dur": 2.648,
      "leg1_dur": -1.292,
      "max_spd": 8.0,
      "avg_ach": 6.48,
      "avg_err": 3.43,
      "util": 0.654,
      "splits": [
        2.648,
        1.356,
        1.524,
        1.307,
        1.271,
        1.458,
        1.033,
        1.188,
        1.02,
        1.437,
        1.063,
        0.952
      ]
    },
    {
      "label": "NEW",
      "course": "technical",
      "pair": 1,
      "order": 0,
      "completed": true,
      "gates_passed": 12,
      "lap": 16.275,
      "t_offboard_wait": 9.325,
      "alt_at_offboard": 2.377,
      "vz_at_offboard": -0.139,
      "t_gate0": 2.675,
      "leg0_dur": 2.675,
      "leg1_dur": -1.3419999999999999,
      "max_spd": 7.98,
      "avg_ach": 6.48,
      "avg_err": 3.42,
      "util": 0.654,
      "splits": [
        2.675,
        1.333,
        1.499,
        1.339,
        1.232,
        1.491,
        1.037,
        1.184,
        1.022,
        1.442,
        1.041,
        0.981
      ]
    },
    {
      "label": "OLD",
      "course": "technical",
      "pair": 1,
      "order": 1,
      "completed": true,
      "gates_passed": 12,
      "lap": 16.474,
      "t_offboard_wait": 4.0,
      "alt_at_offboard": 0.152,
      "vz_at_offboard": -0.195,
      "t_gate0": 3.183,
      "leg0_dur": 3.183,
      "leg1_dur": -1.7079999999999997,
      "max_spd": 8.05,
      "avg_ach": 6.22,
      "avg_err": 3.65,
      "util": 0.63,
      "splits": [
        3.183,
        1.475,
        1.339,
        1.405,
        1.193,
        1.405,
        1.021,
        1.218,
        0.978,
        1.421,
        0.991,
        0.846
      ]
    },
    {
      "label": "OLD",
      "course": "technical",
      "pair": 2,
      "order": 0,
      "completed": true,
      "gates_passed": 12,
      "lap": 16.249,
      "t_offboard_wait": 4.001,
      "alt_at_offboard": 0.131,
      "vz_at_offboard": -0.204,
      "t_gate0": 3.053,
      "leg0_dur": 3.053,
      "leg1_dur": -1.5539999999999998,
      "max_spd": 8.03,
      "avg_ach": 6.24,
      "avg_err": 3.62,
      "util": 0.633,
      "splits": [
        3.053,
        1.499,
        1.352,
        1.356,
        1.161,
        1.375,
        0.988,
        1.202,
        0.992,
        1.434,
        0.993,
        0.845
      ]
    },
    {
      "label": "NEW",
      "course": "technical",
      "pair": 2,
      "order": 1,
      "completed": true,
      "gates_passed": 12,
      "lap": 15.96,
      "t_offboard_wait": 9.434,
      "alt_at_offboard": 2.379,
      "vz_at_offboard": -0.133,
      "t_gate0": 2.619,
      "leg0_dur": 2.619,
      "leg1_dur": -1.3140000000000003,
      "max_spd": 7.98,
      "avg_ach": 6.46,
      "avg_err": 3.43,
      "util": 0.654,
      "splits": [
        2.619,
        1.305,
        1.455,
        1.35,
        1.244,
        1.412,
        1.035,
        1.161,
        0.977,
        1.395,
        1.076,
        0.929
      ]
    },
    {
      "label": "NEW",
      "course": "technical",
      "pair": 3,
      "order": 0,
      "completed": true,
      "gates_passed": 12,
      "lap": 15.961,
      "t_offboard_wait": 9.394,
      "alt_at_offboard": 2.375,
      "vz_at_offboard": -0.154,
      "t_gate0": 2.643,
      "leg0_dur": 2.643,
      "leg1_dur": -1.3359999999999999,
      "max_spd": 7.98,
      "avg_ach": 6.46,
      "avg_err": 3.42,
      "util": 0.654,
      "splits": [
        2.643,
        1.307,
        1.46,
        1.357,
        1.208,
        1.413,
        1.062,
        1.165,
        0.991,
        1.394,
        1.018,
        0.944
      ]
    },
    {
      "label": "OLD",
      "course": "technical",
      "pair": 3,
      "order": 1,
      "completed": true,
      "gates_passed": 12,
      "lap": 16.207,
      "t_offboard_wait": 4.001,
      "alt_at_offboard": 0.183,
      "vz_at_offboard": -0.232,
      "t_gate0": 3.061,
      "leg0_dur": 3.061,
      "leg1_dur": -1.605,
      "max_spd": 8.01,
      "avg_ach": 6.23,
      "avg_err": 3.62,
      "util": 0.632,
      "splits": [
        3.061,
        1.456,
        1.352,
        1.355,
        1.165,
        1.416,
        0.993,
        1.164,
        0.99,
        1.417,
        0.993,
        0.846
      ]
    },
    {
      "label": "OLD",
      "course": "technical",
      "pair": 4,
      "order": 0,
      "completed": true,
      "gates_passed": 12,
      "lap": 17.596,
      "t_offboard_wait": 4.0,
      "alt_at_offboard": 0.146,
      "vz_at_offboard": -0.137,
      "t_gate0": 3.442,
      "leg0_dur": 3.442,
      "leg1_dur": -1.874,
      "max_spd": 8.07,
      "avg_ach": 6.17,
      "avg_err": 3.73,
      "util": 0.623,
      "splits": [
        3.442,
        1.568,
        1.4,
        1.528,
        1.291,
        1.495,
        1.05,
        1.256,
        1.053,
        1.511,
        1.071,
        0.931
      ]
    },
    {
      "label": "NEW",
      "course": "technical",
      "pair": 4,
      "order": 1,
      "completed": true,
      "gates_passed": 12,
      "lap": 17.143,
      "t_offboard_wait": 8.707,
      "alt_at_offboard": 2.381,
      "vz_at_offboard": -0.229,
      "t_gate0": 2.846,
      "leg0_dur": 2.846,
      "leg1_dur": -1.385,
      "max_spd": 8.23,
      "avg_ach": 6.49,
      "avg_err": 3.42,
      "util": 0.655,
      "splits": [
        2.846,
        1.461,
        1.675,
        1.312,
        1.25,
        1.541,
        1.061,
        1.28,
        1.123,
        1.478,
        1.104,
        1.012
      ]
    },
    {
      "label": "OLD",
      "course": "mixed",
      "pair": 0,
      "order": 0,
      "completed": true,
      "gates_passed": 12,
      "lap": 31.174,
      "t_offboard_wait": 4.002,
      "alt_at_offboard": 0.145,
      "vz_at_offboard": -0.161,
      "t_gate0": 5.963,
      "leg0_dur": 5.963,
      "leg1_dur": -3.319,
      "max_spd": 8.82,
      "avg_ach": 6.96,
      "avg_err": 3.36,
      "util": 0.674,
      "splits": [
        5.963,
        2.644,
        2.132,
        1.852,
        3.316,
        2.96,
        2.173,
        1.679,
        1.779,
        1.725,
        1.922,
        3.029
      ]
    },
    {
      "label": "NEW",
      "course": "mixed",
      "pair": 0,
      "order": 1,
      "completed": true,
      "gates_passed": 12,
      "lap": 27.579,
      "t_offboard_wait": 10.012,
      "alt_at_offboard": 2.661,
      "vz_at_offboard": 0.019,
      "t_gate0": 4.326,
      "leg0_dur": 4.326,
      "leg1_dur": -1.9039999999999995,
      "max_spd": 9.12,
      "avg_ach": 7.22,
      "avg_err": 3.05,
      "util": 0.703,
      "splits": [
        4.326,
        2.422,
        1.924,
        1.712,
        2.985,
        2.764,
        1.995,
        1.723,
        1.68,
        1.573,
        1.658,
        2.817
      ]
    },
    {
      "label": "NEW",
      "course": "mixed",
      "pair": 1,
      "order": 0,
      "completed": true,
      "gates_passed": 12,
      "lap": 27.585,
      "t_offboard_wait": 10.049,
      "alt_at_offboard": 2.436,
      "vz_at_offboard": -0.003,